{
    "rmse": 0.7214715421191917,
    "mae": 0.5610679166641446,
    "r2": 0.2700586368141291,
    "msle": 0.012350190329292111,
    "medae": 0.4269607464857277
}